<?xml version="1.0" encoding="UTF-8"?>
<!DOCTYPE hibernate-configuration SYSTEM "http://www.hibernate.org/dtd/hibernate-configuration-3.0.dtd">
    
<hibernate-configuration>
	<session-factory>
	
		<property name="connection.driver_class">oracle.jdbc.OracleDriver</property>
		<property name="connection.url">jdbc:oracle:thin:@LocalHost:1521:SYSTEM</property>
		<property name="connection.username">system</property>
		<property name="connection.password">Ambica7418</property>
	
		<property name="show_sql">true</property>
		<property name="dialect">org.hibernate.dialect.Oracle12cDialect</property>
		<property name="current_session_context_class">thread</property>
		<property name="connection_pool_size">true</property>
		<property name="hbm2ddl.auto">update</property>
		
		
		<mapping class="com.myshopping.pojo.Department"/>
		<!-- <mapping class="com.myshopping.pojo.Employee"/> -->
		<!-- <mapping class="com.myshopping.pojo.Customer"/> -->
		<!-- <mapping class="com.myshopping.pojo.Subscription"/> -->
		<mapping class="com.myshopping.pojo.Employee2"/>
		<mapping class="com.myshopping.pojo.Customer2"/>
		
		<mapping resource="com/myshopping/pojo/Dept3.hbm.xml"/>
		
	 <mapping class="com.myshopping.pojo.Department5"/> 
		
		
	
	</session-factory>
</hibernate-configuration>
